time_interval_authentication (us),time_interval_association (us),time_interval_eapol_first (us),time_interval_eapol_second (us)
18498.897552490234,29742.717742919922,114364.6240234375,133042.3355102539
8454.322814941406,26729.106903076172,109684.46731567383,144107.34176635742
13391.971588134766,52602.291107177734,109422.20687866211,150120.25833129883
21908.283233642578,27847.2900390625,112679.00466918945,149435.99700927734
40.531158447265625,10364.055633544922,115189.5523071289,134925.84228515625
20167.827606201172,29931.068420410156,109894.2756652832,151100.15869140625
19.073486328125,10750.293731689453,106062.8890991211,139660.83526611328
8614.063262939453,22478.103637695312,115418.4341430664,129866.6000366211
4062.652587890625,31189.918518066406,147173.40469360352,162827.9685974121
22006.03485107422,49943.92395019531,108048.91586303711,139503.47900390625
12571.81167602539,20418.167114257812,112888.81301879883,158002.37655639648
54352.2834777832,57570.9342956543,105893.61190795898,135574.3408203125
33688.54522705078,39222.24044799805,111074.44763183594,139009.95254516602
19.073486328125,38607.120513916016,117321.01440429688,152900.21896362305
55587.2917175293,43134.68933105469,83136.55853271484,144009.59014892578
19.073486328125,25973.32000732422,108501.91116333008,145285.12954711914
36454.200744628906,45990.943908691406,118253.23104858398,241277.21786499023
21200.180053710938,30341.148376464844,110852.71835327148,146722.79357910156
3132.8201293945312,32117.366790771484,115556.71691894531,149502.75421142578
12178.421020507812,13158.321380615234,116155.14755249023,138690.47164916992
18467.90313720703,29506.683349609375,105738.63983154297,137350.55923461914
25908.946990966797,34978.389739990234,108487.60604858398,158197.87979125977
16827.58331298828,48763.75198364258,117840.76690673828,317730.9036254883
26712.417602539062,45785.90393066406,104148.38790893555,130913.25759887695
10921.955108642578,36172.86682128906,105624.19891357422,141277.31323242188
26552.677154541016,29010.772705078125,101060.86730957031,150556.5643310547
21276.473999023438,42479.03823852539,105259.41848754883,148451.3282775879
21388.530731201172,30219.554901123047,105023.38409423828,153627.3956298828
27065.277099609375,50394.535064697266,108184.814453125,157966.61376953125
21581.649780273438,12447.834014892578,107491.01638793945,144124.03106689453
26121.139526367188,31657.21893310547,123901.3671875,140089.9887084961
25823.116302490234,33011.436462402344,108301.63955688477,143404.0069580078
45318.603515625,38607.120513916016,110120.77331542969,143904.6859741211
11744.499206542969,30949.115753173828,116748.80981445312,166954.99420166016
14431.476593017578,33152.103424072266,119006.63375854492,144584.17892456055
21970.272064208984,45616.62673950195,98667.14477539062,155756.47354125977
21910.667419433594,55127.14385986328,102064.60952758789,159821.5103149414
68790.91262817383,27897.357940673828,108292.1028137207,158810.61553955078
26609.89761352539,36473.27423095703,148065.09017944336,167567.72994995117
23019.31381225586,48928.260803222656,92287.06359863281,150618.5531616211
18746.85287475586,32031.536102294922,104994.7738647461,144085.88409423828
18827.91519165039,97324.84817504883,47471.52328491211,186951.1604309082
23732.18536376953,32281.875610351562,112309.45587158203,293323.9936828613
22079.944610595703,29921.531677246094,114924.90768432617,143744.94552612305
36361.2174987793,32167.434692382812,104343.89114379883,142595.76797485352
22969.24591064453,60644.14978027344,91819.76318359375,153830.05142211914
32534.59930419922,48599.2431640625,109159.94644165039,146799.08752441406
22411.346435546875,35941.60079956055,112314.22424316406,142002.10571289062
29859.542846679688,28524.398803710938,114023.68545532227,146644.11544799805
29520.98846435547,35772.32360839844,110075.47378540039,152261.25717163086
23827.552795410156,29301.64337158203,107707.97729492188,140814.78118896484
25877.952575683594,30426.979064941406,111389.16015625,144262.31384277344
22797.584533691406,39389.13345336914,171966.552734375,163671.97036743164
21677.017211914062,25796.890258789062,109055.0422668457,140519.1421508789
21548.27117919922,28636.455535888672,99303.7223815918,134389.40048217773
24781.227111816406,36127.567291259766,105834.0072631836,147418.97583007812
32246.112823486328,37176.60903930664,107274.05548095703,149428.8444519043
38180.35125732422,76782.7033996582,77385.90240478516,137355.32760620117
26841.163635253906,30908.584594726562,108044.14749145508,204839.70642089844
14221.668243408203,27153.491973876953,105845.92819213867,162599.0867614746
23660.659790039062,43735.504150390625,106077.19421386719,143370.6283569336
26798.248291015625,28028.488159179688,109250.54550170898,155777.9312133789
22096.633911132812,32305.71746826172,107672.21450805664,156185.62698364258
49605.369567871094,28948.78387451172,110144.61517333984,144579.41055297852
20649.433135986328,30012.130737304688,156099.79629516602,140280.72357177734
29950.14190673828,29118.061065673828,113725.66223144531,136468.41049194336
23860.931396484375,28307.437896728516,110743.04580688477,213131.90460205078
21531.58187866211,46491.62292480469,108704.5669555664,152742.86270141602
20554.065704345703,44374.46594238281,108263.49258422852,147788.52462768555
19369.125366210938,37963.3903503418,109074.11575317383,155298.70986938477
25537.01400756836,30839.44320678711,111992.35916137695,148222.4464416504
25708.675384521484,66430.56869506836,110530.85327148438,141777.99224853516
36005.97381591797,29447.078704833984,108098.98376464844,178635.1203918457
28345.584869384766,62112.80822753906,88505.74493408203,152177.8106689453
31731.128692626953,47028.0647277832,86071.49124145508,149502.75421142578
24359.22622680664,36513.8053894043,109899.04403686523,139737.12921142578
24478.435516357422,29468.536376953125,107548.23684692383,153114.79568481445
22184.84878540039,32083.988189697266,111694.3359375,140409.4696044922
34866.3330078125,39389.13345336914,113780.49850463867,155613.42239379883
19979.476928710938,30386.44790649414,106229.78210449219,161163.8069152832
25274.75357055664,33197.40295410156,104477.4055480957,148193.8362121582
27341.842651367188,29857.158660888672,120327.47268676758,143899.91760253906
26984.214782714844,50935.74523925781,104269.98138427734,157370.56732177734
20916.461944580078,46370.02944946289,84948.53973388672,156421.66137695312
20811.55776977539,32157.89794921875,116143.22662353516,151040.55404663086
27179.718017578125,35870.07522583008,103793.14422607422,156080.7228088379
20613.670349121094,28207.30209350586,109195.70922851562,153021.81243896484
27153.491973876953,77221.39358520508,70102.21481323242,173072.81494140625
21092.891693115234,48127.174377441406,91669.55947875977,155360.69869995117
20017.623901367188,34518.24188232422,98206.99691772461,156822.20458984375
18115.04364013672,43675.899505615234,105190.27709960938,156712.53204345703
17840.862274169922,32486.915588378906,106847.28622436523,156364.44091796875
24309.158325195312,32835.00671386719,104577.54135131836,151202.67868041992
23310.184478759766,32119.7509765625,107307.43408203125,145685.67276000977
41406.15463256836,76825.61874389648,55651.66473388672,139756.2026977539
24266.24298095703,41933.05969238281,110733.5090637207,194945.3353881836
30181.407928466797,47574.04327392578,104296.20742797852,178954.6012878418
47621.726989746094,76191.42532348633,62823.29559326172,146288.87176513672
22537.708282470703,27160.64453125,105381.01196289062,148119.92645263672
29520.98846435547,33221.24481201172,108509.06372070312,166337.4900817871
21655.559539794922,33171.17691040039,109553.33709716797,164885.5209350586
23481.84585571289,35080.909729003906,113110.54229736328,148403.64456176758
23274.42169189453,41084.28955078125,146107.67364501953,156736.3739013672
47552.58560180664,42033.19549560547,107269.287109375,154666.90063476562
12376.30844116211,30953.88412475586,103306.77032470703,134854.31671142578
28238.296508789062,46732.425689697266,107357.50198364258,174348.3543395996
27484.893798828125,41892.52853393555,115756.98852539062,142481.32705688477
64778.32794189453,39722.91946411133,101466.17889404297,171806.81228637695
21593.570709228516,40409.56497192383,99973.67858886719,158205.0323486328
21579.265594482422,34582.61489868164,111026.76391601562,154147.14813232422
13413.429260253906,75831.41326904297,101861.95373535156,180644.98901367188
21593.570709228516,25224.685668945312,102534.29412841797,132744.31228637695
39298.53439331055,73246.95587158203,75197.21984863281,139765.73944091797
40585.994720458984,36091.80450439453,113017.55905151367,148653.98406982422
22828.57894897461,41389.46533203125,112812.51907348633,161399.84130859375
28219.223022460938,49991.607666015625,96495.15151977539,156452.65579223633
32641.887664794922,53446.292877197266,103397.36938476562,138719.0818786621
21674.633026123047,49226.28402709961,108036.99493408203,148036.47994995117
75390.33889770508,49090.38543701172,102183.81881713867,159606.93359375
23982.524871826172,39651.39389038086,112175.94146728516,162179.47006225586
30193.328857421875,65042.972564697266,99966.52603149414,154328.3462524414
21955.96694946289,63931.941986083984,77838.89770507812,148320.19805908203
34713.7451171875,52740.57388305664,112090.1107788086,152978.89709472656
27487.27798461914,54638.38577270508,1043357.8491210938,154042.24395751953
91423.98834228516,45766.83044433594,114581.58493041992,124201.77459716797
27816.295623779297,49448.01330566406,110683.44116210938,155479.90798950195
25732.51724243164,33595.56198120117,102415.08483886719,141704.08248901367
67710.87646484375,41923.52294921875,156257.15255737305,173399.4483947754
27692.317962646484,31330.585479736328,111532.21130371094,165197.84927368164
20835.399627685547,29947.757720947266,110075.47378540039,147283.07723999023
31599.998474121094,34992.69485473633,106022.35794067383,157752.03704833984
20277.50015258789,76713.56201171875,107975.00610351562,181198.1201171875
33581.25686645508,60241.2223815918,91593.26553344727,158219.3374633789
21164.417266845703,37338.7336730957,112316.60842895508,175366.40167236328
23868.083953857422,77443.12286376953,107975.00610351562,220272.54104614258
41723.25134277344,34387.11166381836,108146.66748046875,144908.42819213867
27995.10955810547,46052.93273925781,105440.61660766602,173830.98602294922
25002.95639038086,31995.773315429688,110101.69982910156,152747.63107299805
34108.16192626953,61719.417572021484,104997.15805053711,153403.28216552734
31468.868255615234,58417.320251464844,105292.79708862305,149626.7318725586
83887.57705688477,34775.733947753906,102314.94903564453,159130.09643554688
25498.86703491211,71835.51788330078,82013.60702514648,150654.31594848633
28450.489044189453,52602.291107177734,102524.7573852539,1175978.183746338
57041.64505004883,41465.75927734375,108788.01345825195,144467.35382080078
29740.333557128906,32875.53787231445,112431.04934692383,142793.6553955078
30589.10369873047,31602.38265991211,112147.33123779297,190224.64752197266
28426.647186279297,53606.03332519531,101702.21328735352,151526.92794799805
65143.10836791992,139486.78970336914,20868.778228759766,151307.5828552246
31836.03286743164,29952.526092529297,107660.29357910156,152633.1901550293
24545.19271850586,33056.73599243164,113084.31625366211,139186.38229370117
21486.282348632812,51043.033599853516,114419.46029663086,155873.29864501953
22990.703582763672,41172.50442504883,101611.61422729492,175931.45370483398
20377.635955810547,58796.40579223633,132780.0750732422,194294.45266723633
6086549.758911133,32014.846801757812,104503.63159179688,150389.6713256836
26276.111602783203,39658.546447753906,104236.60278320312,150794.98291015625
25408.267974853516,24447.44110107422,128717.42248535156,168712.13912963867
24793.148040771484,44093.13201904297,103533.26797485352,143208.50372314453
26857.852935791016,49569.60678100586,104391.57485961914,151965.61813354492
55778.02658081055,58596.134185791016,104308.1283569336,149462.22305297852
30310.15396118164,43637.752532958984,107989.31121826172,145337.58163452148
12295.246124267578,33102.03552246094,106382.36999511719,152301.78833007812
37565.23132324219,36053.65753173828,117292.40417480469,157382.48825073242
41863.91830444336,58312.416076660156,106773.37646484375,154678.8215637207
38149.356842041016,52037.23907470703,104498.86322021484,145919.3229675293
32131.671905517578,51429.27169799805,109703.54080200195,151293.27774047852
21510.12420654297,35715.10314941406,121738.91067504883,144519.80590820312
23174.285888671875,94499.58801269531,57852.26821899414,152091.97998046875
34213.06610107422,46346.187591552734,104269.98138427734,147092.34237670898
44775.00915527344,41763.7825012207,109908.5807800293,145916.93878173828
25100.7080078125,31845.569610595703,103371.14334106445,158839.22576904297
40228.36685180664,34294.12841796875,113203.52554321289,145871.63925170898
31235.218048095703,47876.834869384766,107827.18658447266,149395.46585083008
22046.566009521484,38232.80334472656,105941.2956237793,156283.37860107422
30660.629272460938,33094.88296508789,119175.91094970703,149247.6463317871
21986.961364746094,30581.951141357422,111029.14810180664,155479.90798950195
46172.142028808594,49729.347229003906,97355.84259033203,148203.37295532227
30915.73715209961,48177.242279052734,107519.62661743164,198283.19549560547
23779.869079589844,42002.201080322266,111265.18249511719,155203.34243774414
22382.736206054688,51696.3005065918,108561.51580810547,159730.9112548828
33206.939697265625,42464.7331237793,109474.65896606445,154213.90533447266
21326.541900634766,34050.941467285156,106499.19509887695,149428.8444519043
23007.39288330078,40144.920349121094,160629.7492980957,147392.74978637695
34453.8688659668,43866.634368896484,108430.38558959961,148015.02227783203
27823.448181152344,34375.19073486328,104002.9525756836,153734.68399047852
23598.670959472656,46911.23962402344,83212.85247802734,130524.6353149414
27375.221252441406,35469.53201293945,108153.8200378418,150866.50848388672
20904.541015625,28584.003448486328,121278.76281738281,171358.58535766602
27306.079864501953,24018.287658691406,106279.85000610352,193936.82479858398
20563.602447509766,33130.645751953125,110838.41323852539,144073.9631652832
32143.592834472656,50201.416015625,103974.3423461914,149240.49377441406
21810.531616210938,52530.765533447266,150475.50201416016,144214.63012695312
30159.950256347656,32761.096954345703,136754.51278686523,197038.6505126953
26497.840881347656,51569.93865966797,101644.99282836914,152571.2013244629
30612.945556640625,54919.71969604492,106704.2350769043,145802.49786376953
141017.43698120117,34687.51907348633,106706.61926269531,153143.40591430664
41213.035583496094,43632.98416137695,107443.33267211914,148677.82592773438
41084.28955078125,50168.03741455078,109310.15014648438,145721.435546875
29218.196868896484,59266.090393066406,102627.27737426758,170567.03567504883
32720.565795898438,52630.90133666992,97258.09097290039,159702.30102539062
23748.87466430664,28567.31414794922,105471.61102294922,147807.59811401367
26149.749755859375,46133.995056152344,115289.68811035156,140359.40170288086
37968.15872192383,57570.9342956543,107405.18569946289,149931.9076538086
27954.578399658203,47020.912170410156,109522.34268188477,141348.83880615234
994305.6106567383,52428.245544433594,156123.63815307617,185117.7215576172
46684.74197387695,47245.025634765625,95369.81582641602,159542.56057739258
38785.93444824219,39570.33157348633,111618.0419921875,153365.1351928711
21700.85906982422,34754.276275634766,111472.60665893555,154299.73602294922
32641.887664794922,40733.81423950195,108587.74185180664,143277.64511108398
33853.05404663086,38089.752197265625,114638.8053894043,1154818.5348510742
21743.7744140625,31869.41146850586,105285.64453125,148391.7236328125
31762.123107910156,32062.530517578125,119869.70901489258,147552.490234375
21390.914916992188,46105.384826660156,113966.46499633789,142717.3614501953
22912.025451660156,58166.9807434082,86593.6279296875,142824.64981079102
22423.267364501953,31218.528747558594,109567.64221191406,120143.89038085938
20053.386688232422,48243.99948120117,384049.4155883789,215470.7908630371
21855.831146240234,53002.83432006836,109162.3306274414,144395.8282470703
48189.16320800781,54659.84344482422,66270.82824707031,130386.3525390625
23691.654205322266,47726.63116455078,146403.31268310547,145399.5704650879
27217.864990234375,38893.22280883789,132536.8881225586,233120.91827392578
33752.9182434082,53570.27053833008,151729.58374023438,161976.81427001953
31108.856201171875,49343.109130859375,114357.47146606445,163390.6364440918
31046.86737060547,41460.99090576172,105049.61013793945,141885.28060913086
22771.358489990234,30877.59017944336,105848.31237792969,147268.77212524414
22928.714752197266,61669.349670410156,108666.41998291016,144486.4273071289
77023.50616455078,53195.953369140625,120041.3703918457,207943.91632080078
28915.4052734375,45802.59323120117,104229.45022583008,151875.01907348633
24743.080139160156,45261.383056640625,107944.01168823242,140097.14126586914
28994.083404541016,37415.0276184082,123112.20169067383,161800.38452148438
34492.01583862305,35996.437072753906,103230.47637939453,152635.5743408203
22299.28970336914,32002.925872802734,124404.4303894043,204536.91482543945
19769.668579101562,43859.48181152344,105764.86587524414,139999.3896484375
44796.46682739258,46925.54473876953,110719.20394897461,146176.81503295898
16376.972198486328,51848.8883972168,110986.23275756836,149192.81005859375
21438.5986328125,51691.532135009766,108530.52139282227,158128.7384033203
34651.756286621094,53138.73291015625,110368.72863769531,153813.36212158203
36308.76541137695,56374.07302856445,96888.54217529297,157105.9226989746
23696.422576904297,42769.9089050293,111601.35269165039,162565.7081604004
39727.68783569336,37155.1513671875,109834.67102050781,146610.73684692383
24640.560150146484,53837.29934692383,106709.00344848633,139493.9422607422
21009.445190429688,27997.493743896484,98254.68063354492,161187.64877319336
25823.116302490234,42269.229888916016,114643.57376098633,149338.2453918457
36232.47146606445,117273.33068847656,100386.14273071289,150911.80801391602
24213.790893554688,34139.156341552734,106041.43142700195,155777.9312133789
22640.228271484375,105724.33471679688,77435.97030639648,181653.49960327148
37167.07229614258,44445.99151611328,105490.68450927734,157868.8621520996
29902.45819091797,37555.694580078125,107450.48522949219,163302.42156982422
36134.71984863281,47855.377197265625,103142.26150512695,93970.29876708984
29718.875885009766,43036.93771362305,104951.85852050781,169196.12884521484
111842.15545654297,52440.16647338867,205266.47567749023,144462.58544921875
24433.135986328125,35591.12548828125,111646.65222167969,156853.19900512695
26326.17950439453,46005.2490234375,106456.27975463867,168941.02096557617
29869.07958984375,31604.766845703125,109272.00317382812,154268.74160766602
24483.203887939453,52022.93395996094,107619.7624206543,163824.55825805664
27513.504028320312,48158.16879272461,108225.34561157227,149700.64163208008
80602.16903686523,26645.660400390625,108656.8832397461,143063.06838989258
24776.458740234375,60255.52749633789,93274.11651611328,145618.91555786133
26035.308837890625,40593.14727783203,102717.87643432617,133368.96896362305
23036.00311279297,45065.879821777344,102531.90994262695,147678.85208129883
39167.40417480469,35505.29479980469,100693.7026977539,143072.60513305664
33676.6242980957,55210.59036254883,112044.8112487793,155532.3600769043
26471.614837646484,37515.16342163086,104711.05575561523,146520.13778686523
27959.346771240234,64897.53723144531,105783.93936157227,148699.28359985352
32002.925872802734,60389.041900634766,116643.90563964844,151314.73541259766
29644.96612548828,34854.41207885742,118031.50177001953,155715.9423828125
23465.15655517578,33442.97409057617,103514.19448852539,150084.4955444336
29830.9326171875,29051.30386352539,106394.29092407227,144693.85147094727
25961.39907836914,48234.46273803711,106439.59045410156,150799.75128173828
44076.44271850586,45688.15231323242,112047.19543457031,148580.07431030273
32312.870025634766,72040.55786132812,109302.99758911133,142767.42935180664
23417.47283935547,52099.22790527344,99225.04425048828,166425.7049560547
28996.46759033203,54831.504821777344,104947.09014892578,154535.77041625977
19161.701202392578,30417.442321777344,96902.84729003906,139768.12362670898
28331.279754638672,31087.398529052734,103583.33587646484,156879.42504882812
23603.439331054688,29759.40704345703,103247.16567993164,153086.18545532227
30596.256256103516,35707.950592041016,109326.83944702148,158793.92623901367
29463.768005371094,30674.93438720703,107653.14102172852,150175.0946044922
28176.307678222656,34546.852111816406,114936.82861328125,190515.51818847656
25749.20654296875,34985.54229736328,106825.8285522461,157146.45385742188
18985.271453857422,35648.345947265625,112342.83447265625,716516.9715881348
34081.93588256836,42645.931243896484,103576.1833190918,137603.2829284668
37376.88064575195,72674.75128173828,103957.6530456543,172080.99365234375
22628.307342529297,43931.007385253906,109224.31945800781,166742.80166625977
30040.740966796875,117883.68225097656,85883.14056396484,1222898.9601135254
11093.616485595703,37300.58670043945,118789.6728515625,157208.44268798828
24592.876434326172,32050.609588623047,107870.10192871094,152659.41619873047
25031.566619873047,43067.93212890625,103278.16009521484,144870.28121948242
35672.18780517578,49822.330474853516,114786.62490844727,142173.76708984375
27985.572814941406,49514.7705078125,101888.17977905273,153548.7174987793
29234.886169433594,55148.60153198242,103516.5786743164,147447.5860595703
21398.067474365234,33566.951751708984,111224.65133666992,157196.5217590332
21100.04425048828,43849.945068359375,105042.4575805664,197620.39184570312
20639.896392822266,34248.82888793945,99728.10745239258,136120.31936645508
31702.518463134766,46007.633209228516,107197.76153564453,154190.0634765625
20074.844360351562,42283.53500366211,102052.68859863281,148751.73568725586
22897.720336914062,49724.578857421875,93185.9016418457,150969.0284729004
35295.48645019531,46896.934509277344,152842.99850463867,142123.69918823242
24108.88671875,37167.07229614258,110213.7565612793,230283.7371826172
30086.040496826172,47214.03121948242,115523.3383178711,178935.52780151367
21817.684173583984,31380.653381347656,105650.42495727539,159027.5764465332
32052.993774414062,31352.04315185547,105922.22213745117,173573.49395751953
29571.056365966797,35443.30596923828,105009.07897949219,161159.03854370117
31943.321228027344,37312.50762939453,108878.61251831055,161402.22549438477
31921.863555908203,33805.37033081055,225758.55255126953,259110.9275817871
23591.51840209961,43528.079986572266,108928.68041992188,154557.2280883789
29137.134552001953,43234.825134277344,103979.11071777344,151627.0637512207
21049.976348876953,33562.18338012695,113103.38973999023,161058.90274047852
23128.986358642578,44124.12643432617,107760.42938232422,139186.38229370117
19559.860229492188,50685.40573120117,114293.09844970703,171608.92486572266
30593.8720703125,58741.56951904297,83041.19110107422,153458.1184387207
29265.880584716797,36554.33654785156,147919.6548461914,150165.55786132812
14283.65707397461,42302.608489990234,107285.97640991211,153481.96029663086
21371.841430664062,52659.51156616211,115132.33184814453,176138.87786865234
26412.010192871094,48205.85250854492,106494.42672729492,162029.26635742188
21991.729736328125,29761.791229248047,108342.17071533203,148293.97201538086
30238.628387451172,29914.379119873047,108027.45819091797,142052.17361450195
24485.58807373047,47857.76138305664,106818.67599487305,153713.22631835938
32641.887664794922,49962.99743652344,112774.37210083008,165219.30694580078
19996.166229248047,44493.675231933594,108995.43762207031,185277.46200561523
25746.822357177734,26717.185974121094,109021.66366577148,148501.39617919922
29473.304748535156,59390.06805419922,101041.79382324219,144581.79473876953
25393.962860107422,32846.927642822266,105946.06399536133,142569.54193115234
26528.83529663086,58190.82260131836,104262.8288269043,189080.23834228516
30279.159545898438,56922.43576049805,103828.90701293945,169758.79669189453
30095.577239990234,33681.392669677734,114715.0993347168,144829.75006103516
49626.827239990234,48031.80694580078,114164.35241699219,177154.541015625
24485.58807373047,73900.22277832031,111699.10430908203,1282944.679260254
25138.85498046875,33237.93411254883,119338.0355834961,1309747.6959228516
26226.043701171875,53479.671478271484,92799.66354370117,148513.3171081543
25768.280029296875,41003.22723388672,115799.9038696289,158808.23135375977
19881.725311279297,52311.42044067383,114877.22396850586,149657.7262878418
28815.269470214844,32551.288604736328,113816.2612915039,152988.43383789062
28190.61279296875,36897.65930175781,106251.23977661133,149612.4267578125
21479.129791259766,30708.31298828125,107963.08517456055,152611.73248291016
28986.93084716797,43044.090270996094,103595.25680541992,135881.90078735352
27735.233306884766,34062.862396240234,104875.56457519531,158209.80072021484
37081.241607666016,51684.37957763672,106425.28533935547,156552.79159545898
27225.017547607422,32026.76773071289,107717.51403808594,151062.01171875
31142.234802246094,70183.27713012695,107381.34384155273,145034.7900390625
28843.87969970703,35259.72366333008,110487.9379272461,149095.0584411621
6106259.822845459,42591.094970703125,113608.83712768555,150918.96057128906
30457.97348022461,49459.93423461914,103209.01870727539,154938.6978149414
14483.928680419922,42819.976806640625,108196.73538208008,152456.76040649414
29356.47964477539,35064.2204284668,109715.46173095703,143072.60513305664
27732.84912109375,33011.436462402344,109167.09899902344,143241.88232421875
31461.715698242188,76875.68664550781,106408.59603881836,134510.99395751953
25923.25210571289,50880.90896606445,74481.96411132812,139164.92462158203
20642.28057861328,32427.310943603516,98776.81732177734,135581.49337768555
21505.355834960938,36327.83889770508,142011.6424560547,132830.14297485352
35016.536712646484,39308.07113647461,103282.92846679688,138075.3517150879
22659.3017578125,54616.92810058594,109169.48318481445,152540.2069091797
32250.88119506836,31449.79476928711,106964.111328125,145411.49139404297
5796616.077423096,53210.25848388672,116150.3791809082,151512.62283325195
28021.33560180664,41429.996490478516,105934.14306640625,136611.4616394043
29215.81268310547,63195.228576660156,121829.50973510742,153157.71102905273
61898.231506347656,66633.22448730469,104248.5237121582,137009.6206665039
84352.49328613281,53246.02127075195,136780.7388305664,167224.40719604492
30455.589294433594,62265.39611816406,116300.58288574219,178620.8152770996
21474.361419677734,67906.37969970703,90746.87957763672,141997.3373413086
25589.466094970703,53477.28729248047,106251.23977661133,150136.94763183594
46451.09176635742,45726.29928588867,108675.95672607422,147209.16748046875
22263.526916503906,43511.390686035156,100409.98458862305,149896.14486694336
24118.423461914062,40271.28219604492,107667.44613647461,150544.6434020996
22947.78823852539,28796.19598388672,136716.36581420898,148961.54403686523
26867.389678955078,30672.550201416016,103621.4828491211,135533.80966186523
30686.85531616211,32992.36297607422,162360.66818237305,153419.97146606445
18396.377563476562,87459.08737182617,105934.14306640625,144178.8673400879
34136.77215576172,38030.147552490234,110170.84121704102,154109.00115966797
35295.48645019531,61609.745025634766,124301.91040039062,156040.19165039062
29094.219207763672,46925.54473876953,108058.45260620117,159275.53176879883
24564.266204833984,43950.08087158203,106291.7709350586,148525.23803710938
27897.357940673828,44689.178466796875,99029.541015625,144529.3426513672
23033.618927001953,33097.267150878906,112562.17956542969,150456.42852783203
26221.275329589844,89051.72348022461,106019.97375488281,143625.73623657227
32522.67837524414,72188.3773803711,106432.43789672852,188803.67279052734
42.91534423828125,56681.63299560547,91681.48040771484,158967.9718017578
21803.37905883789,34911.6325378418,120396.61407470703,151877.40325927734
21440.982818603516,49374.10354614258,94263.55361938477,152277.94647216797
39820.67108154297,38635.7307434082,112881.66046142578,141661.1671447754
20453.929901123047,53632.259368896484,102066.9937133789,149543.28536987305
30906.200408935547,58414.93606567383,110759.73510742188,145835.87646484375
19786.357879638672,39591.78924560547,107731.81915283203,160436.63024902344
60577.392578125,40214.06173706055,114593.505859375,176029.20532226562
20315.64712524414,30443.668365478516,106317.99697875977,150837.89825439453
36854.74395751953,48241.615295410156,107574.462890625,1176464.557647705
25253.2958984375,29578.208923339844,109834.67102050781,155971.05026245117
26214.122772216797,63040.25650024414,108220.57723999023,146098.13690185547
15814.30435180664,41880.60760498047,102579.59365844727,155112.74337768555
60508.25119018555,51455.49774169922,107038.02108764648,142431.25915527344
33023.35739135742,52611.8278503418,122718.81103515625,152285.09902954102
28762.8173828125,23381.710052490234,100760.45989990234,144865.5128479004
35109.519958496094,52599.90692138672,144810.67657470703,152914.52407836914
27863.97933959961,74782.3715209961,99997.52044677734,141012.66860961914
31454.56314086914,35312.17575073242,112240.31448364258,1232786.1785888672
22830.963134765625,50408.84017944336,107340.81268310547,157272.8157043457
23009.777069091797,39567.94738769531,114254.95147705078,154659.74807739258
25854.110717773438,47402.381896972656,132761.00158691406,148999.69100952148
25513.172149658203,36473.27423095703,108537.67395019531,145151.61514282227
32866.00112915039,47752.85720825195,113041.40090942383,145049.0951538086
20947.45635986328,52330.49392700195,113246.44088745117,161993.50357055664
23767.948150634766,34613.609313964844,105330.9440612793,195097.9232788086
21817.684173583984,29456.615447998047,97160.33935546875,139212.60833740234
21634.10186767578,56233.40606689453,103855.13305664062,158910.75134277344
37667.75131225586,44195.65200805664,111091.13693237305,178582.66830444336
24371.14715576172,31025.409698486328,117180.34744262695,156917.57202148438
25057.79266357422,52120.68557739258,108010.76889038086,165770.0538635254
15099.048614501953,40230.751037597656,119261.7416381836,150587.5587463379
24647.71270751953,33531.18896484375,108544.82650756836,141441.82205200195
23128.986358642578,48639.774322509766,106289.38674926758,148177.1469116211
31743.04962158203,61829.0901184082,132548.80905151367,157248.97384643555
27043.819427490234,42574.405670166016,103404.52194213867,150856.97174072266
21519.66094970703,27589.797973632812,101833.34350585938,168132.78198242188
14505.386352539062,43261.051177978516,109353.06549072266,149707.79418945312
45471.19140625,60701.37023925781,113127.23159790039,129013.0615234375
32532.215118408203,57485.103607177734,110259.0560913086,149693.48907470703
25458.335876464844,38795.47119140625,108258.72421264648,147404.67071533203
25298.595428466797,60262.68005371094,95701.21765136719,154070.85418701172
31354.427337646484,33018.58901977539,117359.16137695312,160179.13818359375
21724.700927734375,45955.18112182617,98168.84994506836,143370.6283569336
22907.257080078125,41365.623474121094,109636.78359985352,139477.25296020508
26080.608367919922,34878.25393676758,115234.8518371582,148587.22686767578
26571.75064086914,58412.55187988281,93739.03274536133,144679.54635620117
19946.09832763672,39870.7389831543,105986.5951538086,139141.08276367188
26390.552520751953,49834.251403808594,104157.92465209961,146453.3805847168
32212.73422241211,50084.590911865234,103228.09219360352,284101.9630432129
25761.127471923828,33087.730407714844,108973.97994995117,142018.79501342773
27606.487274169922,33707.618713378906,109002.59017944336,170986.65237426758
23210.04867553711,34313.201904296875,102856.15921020508,143735.40878295898
49223.899841308594,54328.44161987305,144228.93524169922,204806.32781982422
14436.24496459961,47268.86749267578,111842.15545654297,143883.22830200195
30004.97817993164,29902.45819091797,116443.63403320312,156404.97207641602
22380.352020263672,48055.64880371094,111699.10430908203,155849.45678710938
20756.72149658203,44882.29751586914,110263.82446289062,147459.5069885254
30755.996704101562,56002.140045166016,799489.0213012695,139107.70416259766
23603.439331054688,32925.60577392578,105004.31060791016,143001.07955932617
30884.742736816406,32117.366790771484,109934.80682373047,148222.4464416504
47161.57913208008,33903.12194824219,122430.32455444336,152952.6710510254
29253.95965576172,50551.8913269043,109643.93615722656,167405.6053161621
26104.450225830078,40538.31100463867,105834.0072631836,138597.4884033203
33121.10900878906,59745.31173706055,113208.29391479492,151534.0805053711
29485.225677490234,31549.930572509766,109760.76126098633,152890.68222045898
70521.83151245117,39129.25720214844,108222.96142578125,144519.80590820312
49865.2458190918,46436.78665161133,108571.05255126953,159838.19961547852
28450.489044189453,48973.56033325195,107827.18658447266,147135.25772094727
35340.78598022461,54714.67971801758,94480.51452636719,152919.29244995117
28979.778289794922,59654.71267700195,87022.78137207031,153715.6105041504
27034.282684326172,112073.42147827148,54407.11975097656,144770.14541625977
27770.99609375,40042.40036010742,111091.13693237305,1212611.198425293
40025.71105957031,46393.87130737305,106270.31326293945,153193.47381591797
6109428.405761719,45416.35513305664,109343.5287475586,146393.7759399414
29618.74008178711,52931.30874633789,107655.52520751953,149729.25186157227
23117.0654296875,42552.947998046875,106670.85647583008,145156.3835144043
41954.51736450195,41413.307189941406,110688.2095336914,142841.33911132812
39958.953857421875,57742.59567260742,135459.89990234375,138499.73678588867
26915.07339477539,57036.8766784668,95250.60653686523,149319.17190551758
45421.12350463867,37314.89181518555,159645.08056640625,159828.66287231445
23629.66537475586,31573.772430419922,108084.67864990234,167891.9792175293
28560.161590576172,33462.0475769043,111780.16662597656,141804.21829223633
20165.443420410156,43249.13024902344,107367.03872680664,148036.47994995117
35767.555236816406,37138.46206665039,110027.79006958008,147817.13485717773
31802.654266357422,53064.823150634766,105521.67892456055,150990.48614501953
30713.08135986328,28629.302978515625,105245.11337280273,160746.57440185547
30388.832092285156,54008.96072387695,103902.81677246094,154926.77688598633
29458.999633789062,28293.132781982422,109529.49523925781,152380.46646118164
22230.148315429688,33872.127532958984,112895.96557617188,140190.12451171875
62446.59423828125,36838.05465698242,104115.00930786133,155577.6596069336
24185.1806640625,32286.643981933594,105934.14306640625,141565.79971313477
21922.588348388672,33452.510833740234,106194.01931762695,138807.2967529297
21002.29263305664,45645.23696899414,108404.15954589844,144882.2021484375
35917.75894165039,42629.241943359375,174050.33111572266,152370.92971801758
22580.623626708984,50139.427185058594,89116.09649658203,149846.07696533203
57246.68502807617,40040.016174316406,100080.96694946289,142021.17919921875
43823.7190246582,36301.612854003906,113141.53671264648,150904.65545654297
34449.100494384766,77636.2419128418,90348.72055053711,144615.17333984375
29270.648956298828,31855.106353759766,109252.9296875,180149.07836914062
46489.23873901367,64654.35028076172,113353.72924804688,143957.13806152344
30090.808868408203,41010.379791259766,108692.64602661133,184159.2788696289
22335.052490234375,47757.625579833984,113239.28833007812,145940.78063964844
23863.31558227539,31704.90264892578,105133.056640625,140366.5542602539
24368.762969970703,43108.463287353516,105721.95053100586,151009.55963134766
28913.021087646484,36695.003509521484,97861.28997802734,156540.8706665039
36375.52261352539,42603.0158996582,103931.42700195312,142588.61541748047
31580.92498779297,47173.500061035156,113115.31066894531,139560.69946289062
23977.75650024414,45356.75048828125,110347.27096557617,138719.0818786621
50132.27462768555,41954.51736450195,106101.03607177734,148842.33474731445
29201.507568359375,53668.02215576172,105473.99520874023,138857.36465454102
24278.16390991211,52528.38134765625,100400.44784545898,141439.43786621094
25944.70977783203,49920.082092285156,103650.09307861328,156216.62139892578
28276.443481445312,30646.324157714844,190217.4949645996,156590.93856811523
28600.692749023438,74989.79568481445,65195.560455322266,142610.0730895996
16269.683837890625,57971.47750854492,114281.17752075195,143024.92141723633
22988.319396972656,31149.38735961914,106141.56723022461,148375.0343322754
23324.48959350586,84197.5212097168,72002.41088867188,162661.07559204102
22187.232971191406,30286.312103271484,105016.23153686523,149331.09283447266
18177.032470703125,30019.283294677734,112631.32095336914,145356.6551208496
51631.927490234375,32742.023468017578,114502.9067993164,187804.6989440918
31700.13427734375,27470.58868408203,99606.51397705078,138552.18887329102
30696.392059326172,37078.857421875,112552.64282226562,143108.36791992188
29647.350311279297,50957.20291137695,128395.55740356445,150351.52435302734
66154.00314331055,50799.84664916992,114357.47146606445,142099.85733032227
24969.57778930664,46343.80340576172,110228.06167602539,151426.7921447754
31552.31475830078,38909.912109375,130124.09210205078,136830.80673217773
17216.205596923828,42972.564697265625,102250.57601928711,152542.5910949707
31127.9296875,50258.636474609375,129349.2317199707,146682.2624206543
27844.905853271484,34809.112548828125,110650.06256103516,159566.40243530273
23412.704467773438,51558.01773071289,109522.34268188477,139491.55807495117
21946.430206298828,29180.049896240234,98588.46664428711,148098.46878051758
27866.363525390625,36511.42120361328,112566.94793701172,163655.28106689453
18923.282623291016,29156.208038330078,107247.82943725586,187599.65896606445
26242.733001708984,48110.4850769043,102109.90905761719,157411.0984802246
23579.59747314453,57537.55569458008,113716.12548828125,148212.90969848633
30291.080474853516,1181252.0027160645,115017.89093017578,151877.40325927734
26211.73858642578,26581.287384033203,99029.541015625,137350.55923461914
11260.509490966797,55801.8684387207,90854.16793823242,156078.33862304688
19378.662109375,82111.35864257812,59263.70620727539,153961.181640625
21083.354949951172,41968.82247924805,1253998.2795715332,151412.4870300293
33118.72482299805,48549.17526245117,108203.88793945312,137567.52014160156
20418.167114257812,61309.3376159668,130631.92367553711,175826.5495300293
27449.13101196289,33736.228942871094,108997.82180786133,154640.67459106445
23612.97607421875,36523.34213256836,125298.50006103516,174441.33758544922
23009.777069091797,29728.412628173828,114693.64166259766,142838.9549255371
21309.852600097656,47402.381896972656,95160.00747680664,136964.3211364746
23319.721221923828,58233.73794555664,101554.39376831055,188376.90353393555
26261.80648803711,41239.261627197266,108916.7594909668,164425.37307739258
31723.976135253906,48639.774322509766,1133768.5585021973,146906.37588500977
28591.156005859375,36587.71514892578,109751.22451782227,169177.05535888672
22737.979888916016,30179.02374267578,101990.6997680664,147702.69393920898
54.836273193359375,48077.10647583008,107159.61456298828,145237.44583129883
26099.681854248047,29881.000518798828,104517.93670654297,166630.74493408203
22895.336151123047,51681.9953918457,105190.27709960938,156641.00646972656
29687.881469726562,31335.35385131836,113573.07434082031,144436.35940551758
34439.5637512207,70850.84915161133,103793.14422607422,146675.10986328125
53784.847259521484,52804.94689941406,107080.93643188477,152420.9976196289
35638.80920410156,49366.95098876953,115432.7392578125,140640.7356262207
79810.61935424805,69577.69393920898,89404.58297729492,142660.14099121094
26221.275329589844,66707.13424682617,113244.05670166016,140457.1533203125
28238.296508789062,42903.42330932617,113685.13107299805,142750.74005126953
46730.04150390625,54879.188537597656,93855.8578491211,145854.94995117188
28958.32061767578,40261.74545288086,216920.3758239746,219342.70858764648
21233.558654785156,48911.57150268555,104308.1283569336,141773.22387695312
29647.350311279297,34151.07727050781,108883.38088989258,145540.2374267578
21843.910217285156,41501.522064208984,96924.3049621582,192022.32360839844
26228.42788696289,32327.17514038086,113782.88269042969,165290.83251953125
27031.898498535156,50563.812255859375,115883.35037231445,142598.15216064453
24957.656860351562,39947.0329284668,108850.00228881836,158443.45092773438
25973.32000732422,41434.76486206055,115745.06759643555,159111.02294921875
50632.95364379883,45938.49182128906,113742.35153198242,141296.38671875
38053.98941040039,58739.18533325195,108942.98553466797,154466.6290283203
30446.05255126953,49364.566802978516,108537.67395019531,156395.43533325195
20678.043365478516,30877.59017944336,97904.20532226562,133512.02011108398
22804.737091064453,49142.83752441406,148284.4352722168,197734.83276367188
26576.519012451172,30350.685119628906,108692.64602661133,145545.00579833984
24573.802947998047,93691.34902954102,83701.61056518555,150701.99966430664
20806.78939819336,24392.60482788086,106489.65835571289,139904.02221679688
29160.97640991211,48682.68966674805,101861.95373535156,149815.08255004883
27289.390563964844,33996.1051940918,106987.95318603516,148348.80828857422
22950.172424316406,51467.4186706543,111227.03552246094,150463.58108520508
28929.710388183594,48942.56591796875,111651.42059326172,139274.59716796875
19898.414611816406,46005.2490234375,106141.56723022461,177674.2935180664
43680.667877197266,31614.303588867188,107717.51403808594,155992.5079345703
24943.35174560547,56107.0442199707,520837.30697631836,182077.88467407227
30543.804168701172,49450.39749145508,109260.08224487305,203230.3810119629
43153.76281738281,33402.442932128906,117077.82745361328,148689.74685668945
18901.824951171875,39784.908294677734,99942.68417358398,136632.91931152344
37405.49087524414,87072.84927368164,99155.90286254883,149514.67514038086
33974.647521972656,59294.700622558594,88028.9077758789,141808.98666381836
20649.433135986328,45855.045318603516,103113.65127563477,142397.88055419922
28498.172760009766,35700.79803466797,106661.31973266602,155103.20663452148
25858.87908935547,34530.1628112793,106439.59045410156,161044.59762573242
28507.709503173828,27434.825897216797,110037.32681274414,188994.4076538086
28457.6416015625,52349.56741333008,92892.64678955078,142517.08984375
27499.19891357422,49219.13146972656,88150.5012512207,157303.8101196289
33318.99642944336,42822.36099243164,102770.32852172852,155105.5908203125
20031.92901611328,56707.85903930664,112893.58139038086,138878.82232666016
23152.828216552734,54864.88342285156,90861.32049560547,138092.041015625
29907.2265625,66673.75564575195,73711.87210083008,153899.1928100586
63872.337341308594,42431.35452270508,151116.84799194336,154426.09786987305
28192.996978759766,30622.482299804688,97754.00161743164,190865.99349975586
30229.09164428711,25873.184204101562,107870.10192871094,139799.1180419922
38793.087005615234,36265.85006713867,109829.90264892578,171463.4895324707
33166.40853881836,36039.35241699219,111873.14987182617,144233.70361328125
49016.475677490234,32989.9787902832,109460.35385131836,175695.41931152344
32217.50259399414,44231.414794921875,124142.16995239258,141639.70947265625
31478.404998779297,33469.200134277344,107753.27682495117,148589.6110534668
29275.41732788086,58181.2858581543,70810.31799316406,164270.40100097656
22788.047790527344,70800.78125,111427.30712890625,144171.71478271484
23508.071899414062,47910.213470458984,232446.19369506836,154480.9341430664
24101.734161376953,30770.301818847656,107893.9437866211,153453.35006713867
36900.04348754883,44207.57293701172,112183.0940246582,143110.7521057129
12853.145599365234,43294.429779052734,109546.18453979492,162878.03649902344
50714.01596069336,50008.296966552734,111861.2289428711,147147.17864990234
30491.352081298828,44569.969177246094,113289.35623168945,142397.88055419922
20160.675048828125,34847.259521484375,109434.12780761719,149147.51052856445
29404.163360595703,34680.36651611328,135385.99014282227,156664.84832763672
30865.66925048828,34513.47351074219,107262.13455200195,152368.54553222656
36034.584045410156,49948.692321777344,101954.93698120117,137958.52661132812
39217.472076416016,48370.361328125,109355.44967651367,155208.11080932617
12481.212615966797,51822.662353515625,110409.25979614258,149595.7374572754
34949.77951049805,53529.73937988281,96552.37197875977,139603.6148071289
21772.384643554688,40826.79748535156,105543.13659667969,143351.55487060547
39513.11111450195,56242.942810058594,94685.55450439453,161194.8013305664
33161.64016723633,40411.949157714844,114700.7942199707,142476.55868530273
22003.650665283203,43044.090270996094,102775.09689331055,155375.00381469727
31454.56314086914,81036.09085083008,114741.32537841797,152149.20043945312
31535.625457763672,56648.25439453125,106928.34854125977,148527.6222229004
22380.352020263672,54173.46954345703,120208.2633972168,154449.9397277832
30493.736267089844,39198.39859008789,104587.07809448242,161259.17434692383
25517.940521240234,89657.30667114258,62766.075134277344,172359.94338989258
